{
    "generations": [
        {
            "timestamp": "2025-03-12T18:59:15.837444",
            "theme": "Lord Krishna's Underwater City",
            "genre": "Story",
            "generated_text": "The salt spray kissed Arjuna's face as he stood on the shores of Dwaraka, the setting sun painting the Arabian Sea in hues of fiery orange and deep violet. He was not here for leisure. A gnawing unease had brought him, a disquiet that even the Bhagavad Gita's wisdom couldn't fully quell. He sought Krishna, his friend, philosopher, guide, and divine charioteer. But Krishna was gone.\n\nDwaraka, once a bustling port city, now felt eerily silent. The vibrant markets were deserted, the laughter of children replaced by the mournful cry of seagulls. He found Uddhava, Krishna's trusted advisor, his face etched with sorrow.\n\n\"Arjuna,\" Uddhava greeted, his voice heavy. \"Krishna\u2026 He is gone. He left his mortal form.\"\n\nArjuna felt the ground sway beneath his feet. He knew Krishna was divine, that his earthly existence was but a play, a Lila. Yet, the pain of his absence was a sharp, physical blow. \"Where is he, Uddhava? Where did he go?\"\n\nUddhava pointed towards the shimmering sea. \"To his true home, Arjuna. To the underwater city of Krishnapuri.\"\n\nArjuna stared, disbelieving. \"Underwater city? Krishna never spoke of such a place!\"\n\n\"He kept it secret, Arjuna. A sanctuary, a place of power and profound knowledge, hidden beneath the waves. A place he created long ago, even before Dwaraka.\"\n\nUddhava explained that Krishna had foreseen the city's eventual destruction, a cataclysmic flood foretold by the sages. He had prepared a refuge, a city of unparalleled beauty and advanced technology, powered by the very essence of the ocean.\n\nDriven by a desperate need to connect with his departed friend, Arjuna resolved to find Krishnapuri. Uddhava, though hesitant, provided him with a cryptic map, etched on a piece of petrified wood, and a mantra, a key to unlock the city's hidden entrance.\n\nArjuna, a warrior accustomed to battlefields, now faced a different kind of challenge. He spent weeks studying the map, deciphering its intricate symbols. The mantra, a complex string of syllables, felt alien on his tongue. He consulted with Brahmins, scholars, and even local fishermen, piecing together fragments of forgotten lore.\n\nFinally, he felt ready. He donned a specially crafted diving suit, a marvel of ancient Dwarakan engineering, capable of withstanding the immense pressure of the deep sea. He recited the mantra, his voice echoing across the deserted beach, and plunged into the turquoise waters.\n\nThe descent was disorienting. Sunlight faded, replaced by an eerie twilight. Strange, bioluminescent creatures danced in the darkness. He felt the crushing pressure build, but the suit held, a testament to Dwaraka's ingenuity.\n\nFollowing the map's guidance, he navigated through treacherous currents and past monstrous sea creatures, his heart pounding with a mixture of fear and anticipation. Then, he saw it.\n\nEmerging from the gloom, Krishnapuri shimmered like a mirage. Buildings crafted from coral and pearl gleamed with an ethereal light. Intricate networks of tunnels, illuminated by glowing crystals, crisscrossed the city. Fish of every imaginable color darted through the streets, their scales catching the light like scattered jewels.\n\nBut the city was deserted. Silent.\n\nArjuna explored Krishnapuri, marveling at its beauty and its advanced technology. He saw machines that manipulated the currents, devices that purified the water, and structures that resonated with a strange, almost sentient energy.\n\nHe found a vast library, filled with scrolls and holographic projections, detailing the history of Krishnapuri, its purpose, and the beings who had once inhabited it. He learned that the city was not just a refuge, but a repository of ancient knowledge, a place where Krishna had retreated to contemplate the mysteries of the universe.\n\nAs he delved deeper into the city's secrets, Arjuna discovered a hidden chamber, a sanctuary bathed in a soft, golden light. In the center stood a statue of Krishna, not as the warrior or the charioteer, but as a serene yogi, his eyes closed in deep meditation.\n\nHe knelt before the statue, his heart filled with a profound sense of peace. He realized that Krishna was not truly gone. He lived on in the essence of Krishnapuri, in the knowledge it held, and in the love that connected him to his devotees.\n\nBut then, he heard it. A faint, rhythmic humming, emanating from the depths of the city. He followed the sound, his curiosity piqued. It led him to a massive, crystalline structure, pulsating with energy.\n\nInside, he found a group of beings, humanoid in form but with skin that shimmered like mother-of-pearl. They were the guardians of Krishnapuri, the last remnants of an ancient race that had co-created the city with Krishna.\n\nThey revealed a startling truth: Krishnapuri was not just a refuge; it was a prison. A prison for a powerful, ancient entity, a being of pure chaos, that threatened to consume the world. Krishna, in his infinite wisdom, had sealed it away within the city, using its unique energies to contain it.\n\nNow, with Krishna's departure, the seal was weakening. The entity was stirring.\n\nArjuna was faced with an impossible choice. He could leave Krishnapuri, allowing the entity to escape and unleash its chaos upon the world. Or, he could stay and fight, risking his life to maintain the seal.\n\nHe remembered Krishna's teachings, his words of courage, duty, and selfless service. He knew what he had to do.\n\nHe spent weeks learning from the guardians, mastering the ancient techniques needed to maintain the seal. He fought tirelessly, battling the entity's growing influence, his own strength tested to its limits.\n\nFinally, with the help of the guardians, he managed to reinforce the seal, restoring Krishnapuri's protective energies. He had saved the world, not with his bow and arrow, but with his knowledge, his courage, and his unwavering devotion to Krishna.\n\nAs he emerged from the depths, back onto the shores of Dwaraka, the sun was rising, painting the sky with hues of hope and renewal. He carried with him the wisdom of Krishnapuri, the memory of Krishna's love, and the knowledge that even in the darkest depths, light could always be found. He knew that Dwaraka was destined to be submerged, but Krishnapuri, a testament to Krishna's foresight and power, would remain, a silent guardian, a beacon of hope, hidden beneath the waves, forever. He was no longer just a warrior; he was a guardian, a keeper of secrets, a protector of the world, entrusted with the legacy of Lord Krishna's underwater city."
        },
        {
            "timestamp": "2025-03-12T18:59:38.297011",
            "theme": "Love",
            "genre": "Poetry",
            "generated_text": "Love is a wildfire in the heart's dry wood,\nA phoenix rising from the ashes of the should.\nIt's the sun's embrace on a frozen sea,\nMelting glaciers of doubt, setting spirits free.\nA tapestry woven with laughter and tears,\nA silent promise whispered through passing years.\nIt's the anchor that holds when the storms rage high,\nA beacon of hope in a starless sky."
        },
        {
            "timestamp": "2025-03-12T19:01:04.808543",
            "theme": "First Day of Futuristic School",
            "genre": "Story",
            "generated_text": "The holo-sun, a shimmering orb projected onto the cloudless synthetic sky, felt unusually harsh on Elara\u2019s skin. She adjusted the neural interface band nestled behind her ear, a nervous habit she\u2019d been trying to break all summer. Today was the first day of Nova Academy, the most prestigious, and arguably most intimidating, school in Neo-Kyoto.\n\nElara wasn't intimidated by the academics. She\u2019d aced the entrance simulations, her aptitude for spatial reasoning and code-weaving off the charts. What terrified her was the social landscape. Everyone at Nova Academy was someone. Legacy kids with AI butlers and genetically-enhanced athleticism. Prodigies who\u2019d designed fusion reactors before they hit puberty. Elara was\u2026Elara. Daughter of a single mother who ran a noodle stall in the Lower Decks.\n\nThe sleek, chrome-plated school shuttle deposited her at the Academy\u2019s shimmering entrance portal. Stepping through felt like diving into liquid light. The atrium was a breathtaking expanse of living architecture, bioluminescent flora intertwining with gravity-defying structures. Students, a kaleidoscope of genetically-modified hair colors and cybernetic enhancements, flowed through the space like schools of exotic fish.\n\nElara clutched her datapad, its worn surface a stark contrast to the gleaming devices around her. She was supposed to meet her assigned mentor, a senior named Kai, at the central Holo-Fountain. Finding it felt like navigating a digital labyrinth.\n\nFinally, she spotted him. Kai was leaning against the fountain, a figure of effortless cool. His silver hair was threaded with optic fibers that pulsed with a soft blue light, and a subtle shimmer around his eyes hinted at advanced neural implants. He looked like he\u2019d stepped out of a holo-drama.\n\n\u201cElara?\u201d he asked, his voice a smooth baritone. He scanned her with a practiced eye. \u201cYou\u2019re\u2026different.\u201d\n\nElara bristled. Different? Was that good different, or Lower Decks different? \u201cI\u2019m Elara,\u201d she confirmed, trying to project confidence she didn\u2019t feel.\n\n\u201cGood, good,\u201d Kai said, waving a dismissive hand. \u201cLook, I\u2019m not really into the whole mentor thing. Academy mandated it. Just stick with me for the orientation, download the curriculum updates, and try not to get lost. The security drones are\u2026unforgiving.\u201d\n\nOrientation was a sensory overload. Holographic instructors lectured on advanced quantum physics, while personalized AI assistants whispered tailored learning strategies into students' ears. Elara struggled to keep up, the sheer volume of information threatening to overwhelm her.\n\nDuring the lunch break, Kai led her to the Sky-Terrace, a floating platform overlooking the city. The air hummed with the gentle drone of hovercars and the distant melodies of automated street performers.\n\n\u201cSo,\u201d Kai said, picking at a nutrient paste cube, \u201cwhat\u2019s your\u2026thing? Everyone here has a thing. Robotics, bio-engineering, temporal mechanics\u2026\u201d\n\n\u201cI\u2026 I\u2019m good at coding,\u201d Elara mumbled, avoiding his gaze. \u201cSpatial reasoning too.\u201d\n\nKai raised an eyebrow. \u201cCoding? Everyone codes. Spatial reasoning? Okay, that\u2019s mildly interesting. But what makes you\u2026you?\u201d\n\nBefore Elara could answer, a commotion erupted nearby. A group of students, led by a girl with fiery red hair and cybernetic wings, were surrounding a smaller, trembling boy.\n\n\u201cLost your drone again, little glitch?\u201d the red-haired girl sneered, her voice amplified by a voice modulator. \u201cMaybe you should stick to playing with your virtual pets instead of trying to compete with the big kids.\u201d\n\nThe boy stammered, tears welling in his eyes. Elara felt a surge of anger. She knew what it felt like to be the outsider, the underdog.\n\nWithout thinking, she stepped forward. \u201cLeave him alone,\u201d she said, her voice surprisingly steady.\n\nThe red-haired girl, whose name Elara later learned was Anya, turned her attention to her. \u201cAnd who are you to tell me what to do, Lower Deck scum?\u201d\n\nElara\u2019s heart pounded in her chest. She knew she was outmatched. Anya was a Legacy kid, powerful and influential. But something inside her refused to back down.\n\n\u201cHe hasn\u2019t done anything to you,\u201d Elara said, her voice rising. \u201cBullying someone smaller than you doesn\u2019t make you strong. It makes you a coward.\u201d\n\nAnya\u2019s eyes narrowed. \u201cYou want to play hero, huh? Fine. Let\u2019s see how heroic you are in a data duel. My AI against yours. Winner takes all.\u201d\n\nElara hesitated. A data duel was a high-stakes competition, a battle of wits and coding prowess fought within the virtual realm. She\u2019d never participated in one before. But she couldn\u2019t back down now.\n\n\u201cAlright,\u201d she said, meeting Anya\u2019s gaze. \u201cYou\u2019re on.\u201d\n\nThe duel was scheduled for the following day. Elara spent the night poring over code, her fingers flying across the holographic keyboard. She knew she was at a disadvantage. Anya\u2019s AI was a state-of-the-art program, designed for combat. Elara\u2019s was a cobbled-together collection of algorithms she\u2019d written in her spare time.\n\nKai found her in the library, bleary-eyed and surrounded by discarded energy drink cans.\n\n\u201cYou\u2019re crazy,\u201d he said, shaking his head. \u201cYou can\u2019t win this. Anya\u2019s AI is practically sentient.\u201d\n\n\u201cMaybe,\u201d Elara said, her voice hoarse. \u201cBut I have something she doesn\u2019t. I have a reason to fight.\u201d\n\nThe next day, the duel took place in the Academy\u2019s virtual arena, a sprawling digital landscape filled with traps and obstacles. Anya\u2019s AI, a sleek, predatory program, moved with lightning speed, unleashing a barrage of code attacks. Elara\u2019s AI, a more modest program she\u2019d affectionately nicknamed \u201cSparky,\u201d struggled to keep up.\n\nFor hours, the battle raged. Elara pushed Sparky to its limits, improvising new strategies, weaving through the digital landscape with cunning and precision. She noticed a pattern in Anya's AI's attacks - a reliance on brute force, a lack of adaptability.\n\nThen, she saw her opportunity. Using a complex algorithm she\u2019d developed specifically for this moment, she created a digital illusion, a mirage that lured Anya\u2019s AI into a trap. With a final, decisive command, she unleashed a virus that disabled Anya\u2019s program.\n\nSilence fell over the virtual arena. The spectators, who had gathered to watch the spectacle, were stunned. Elara had won.\n\nAs she emerged from the virtual realm, blinking in the real-world light, she was met with a mixture of awe and disbelief. Anya stood frozen, her face a mask of fury.\n\nKai approached her, a rare smile playing on his lips. \u201cImpressive,\u201d he said. \u201cI didn\u2019t think you had it in you.\u201d\n\nBut Elara wasn\u2019t thinking about winning. She was thinking about the trembling boy she\u2019d defended, who was now looking at her with admiration. She was thinking about the power of code, the ability to create and protect, to challenge the status quo.\n\nThat night, as the holo-sun dipped below the synthetic horizon, casting long shadows across Neo-Kyoto, Elara felt a sense of belonging she hadn\u2019t felt before. She was still the daughter of a noodle stall owner, still an outsider in a world of privilege. But she was also Elara, the code-weaver, the spatial reasoner, the girl who stood up to a bully. And maybe, just maybe, that was enough. The first day of Nova Academy had been a trial by fire, but it had also ignited something within her, a spark of confidence, a sense of purpose. The future was uncertain, but for the first time, Elara felt ready to face it."
        },
        {
            "timestamp": "2025-03-12T19:01:17.112516",
            "theme": "Love",
            "genre": "Poetry",
            "generated_text": "Love is a wildfire, untamed and bright,\nConsuming shadows with its golden might.\nA fragile seedling, pushing through the stone,\nA silent promise whispered, never alone.\nIt is the ocean's roar, a gentle breeze,\nA tapestry of souls, beneath the trees.\nTwo stars colliding, in a cosmic dance,\nA fleeting moment, a forever chance."
        },
        {
            "timestamp": "2025-03-12T19:02:25.882615",
            "theme": "Love",
            "genre": "Story",
            "generated_text": "The salt-laced wind whipped Maya's hair across her face as she stood on the crumbling cliffs of Port Blossom, sketching the turbulent sea. Her charcoal danced across the page, capturing the raw, untamed beauty that mirrored the tempest brewing inside her. Maya wasn't just drawing the sea; she was drawing Elias, the fisherman who had disappeared three months ago, swallowed by the very waves she now depicted.\n\nElias, with his sun-weathered skin, eyes the color of the deepest ocean, and a laugh that could charm the gulls from the sky. He had been her anchor, her confidante, her first and only love. Their love story was woven into the fabric of Port Blossom, as familiar and comforting as the scent of brine and fish. They had planned a life together, a small cottage overlooking the harbor, filled with the laughter of children and the warmth of shared dreams.\n\nBut the sea, as beautiful as it was, was also a cruel mistress. One stormy night, Elias\u2019s boat, the \u2018Sea Serpent,\u2019 was found adrift, empty. The search yielded nothing. The town mourned, and Maya was left with a gaping hole in her soul.\n\nThen, a stranger arrived.\n\nLiam was a marine biologist, drawn to Port Blossom by the unique ecosystem of its coastline. He was the antithesis of Elias - clean-cut, intellectual, with a cautious reserve that contrasted sharply with Elias's boisterous nature. Yet, there was something in Liam's quiet intensity, in the way he studied the sea with a reverence that echoed Maya's own, that drew her in.\n\nHe found her sketching on the cliffs, and instead of offering platitudes about Elias, he simply asked about her art. He saw the pain in her strokes, the longing in the way she rendered the crashing waves. He didn't try to fill the void Elias had left; he simply offered his presence, a quiet companionship that slowly began to soothe her raw edges.\n\nLiam was fascinated by Maya's connection to the sea, her intimate knowledge of its moods. He hired her as his research assistant, and together they explored the hidden coves and underwater reefs, discovering a shared passion for the marine world.\n\n\"The ocean is a constant reminder of life and death, isn't it?\" Liam said one evening, as they sat by a bonfire, the crackling flames painting dancing shadows on their faces. \"It gives and it takes. It heals and it destroys.\"\n\nMaya nodded, the truth of his words resonating deep within her. \"It's also a reminder that life goes on,\" she replied, her voice barely a whisper.\n\nAs they worked together, Liam began to see the vibrant woman beneath the grief. He saw the spark in her eyes when she discovered a new species of algae, the unwavering determination in her hands as she repaired a damaged fishing net. He fell in love with her resilience, her passion, her quiet strength.\n\nMaya, in turn, found herself drawn to Liam's gentle understanding and unwavering support. He didn't try to erase Elias from her memory, but he helped her to see that she could love again, that her heart was not a closed book.\n\nOne day, while diving in a secluded cove, Liam discovered a piece of wreckage from the 'Sea Serpent.' It was a small, intricately carved wooden mermaid, a gift Elias had given Maya on their first anniversary. He brought it to her, his eyes filled with a mixture of sadness and hope.\n\nHolding the mermaid, Maya felt a wave of grief wash over her, but this time, it was different. It wasn't the overwhelming, suffocating grief she had carried for months. It was a bittersweet ache, a recognition of the love she had shared with Elias, a love that would forever be a part of her.\n\n\"Thank you,\" she said, her voice thick with emotion. \"He would have wanted me to be happy.\"\n\nLiam reached out and took her hand, his touch warm and reassuring. \"He would have wanted you to live,\" he said softly.\n\nTheir relationship wasn't a replacement for what she had lost, but a new chapter, a different kind of love. It was a love built on shared passions, mutual respect, and a deep understanding of each other's vulnerabilities.\n\nBut the path to happiness wasn't smooth. The town, still mourning Elias, whispered about Maya's relationship with Liam. Some saw it as a betrayal, a disrespect to Elias's memory. Maya felt the weight of their disapproval, the sting of their judgmental glances.\n\nOne evening, at the local pub, old Mrs. Gable, Elias's aunt, confronted Maya. \"You've forgotten him already, haven't you, girl?\" she said, her voice laced with bitterness. \"Just like that, you move on.\"\n\nMaya stood her ground, her eyes flashing with anger and hurt. \"I will never forget Elias,\" she said, her voice trembling but firm. \"He will always be a part of me. But I deserve to be happy, Mrs. Gable. I deserve to live.\"\n\nLiam, who had been standing silently beside her, stepped forward. \"Maya is one of the strongest people I know,\" he said, his voice calm but resolute. \"She has endured a great loss, and she is finding her way back to the light. She deserves your support, not your judgment.\"\n\nHis words silenced the room. Mrs. Gable, her face etched with a mixture of shame and understanding, turned away.\n\nThat night, Maya and Liam walked along the beach, the moonlight casting a silvery glow on the waves.\n\n\"It's not easy, is it?\" Maya said, her voice filled with doubt.\n\nLiam stopped and turned to face her, his eyes filled with love and understanding. \"No, it's not easy,\" he said. \"But nothing worthwhile ever is. Love is not about forgetting the past; it's about embracing the future, together. It's about honoring the love we've had, and opening our hearts to new possibilities.\"\n\nHe cupped her face in his hands and kissed her, a kiss that was both tender and passionate, a promise of a future filled with love, hope, and healing.\n\nMaya closed her eyes, and for the first time in months, she felt a sense of peace wash over her. She knew that Elias would always be a part of her, a cherished memory that would never fade. But she also knew that she was ready to move forward, to embrace the love that Liam offered, a love that was different, but no less real, no less profound.\n\nThe sea, still turbulent, still unpredictable, continued to crash against the cliffs of Port Blossom. But now, Maya saw it not as a symbol of loss and despair, but as a reminder of the enduring power of love, a love that could weather any storm, a love that could heal even the deepest wounds, a love that could bloom even in the most unlikely of places. And as she looked into Liam's eyes, she knew that their love, like the sea, would be a constant, a force of nature, forever changing, forever enduring."
        },
        {
            "timestamp": "2025-03-12T19:04:01.976708",
            "theme": "Love",
            "genre": "Story",
            "generated_text": "The salt spray stung Elara's face as she clung to the railing of the research vessel, the 'Albatross'. The churning grey of the North Atlantic mirrored the tempest brewing within her. Five years. Five years she\u2019d dedicated to studying the migratory patterns of humpback whales, five years she\u2019d poured her heart and soul into a project that now felt like a cruel joke. Because five years was also the length of her marriage to Ben, a marriage that was now, officially, over.\n\nBen, the charming architect with a smile that could melt glaciers, had always been drawn to the solid, the grounded. Elara, with her head in the clouds and her heart in the ocean, had been a captivating anomaly at first. But anomalies, she\u2019d learned, eventually become irritants. He wanted stability, a house with a picket fence, children. She wanted the endless horizon, the song of the whales, the freedom to chase the ephemeral.\n\n\"Rough day, huh?\"\n\nThe voice, deep and laced with a hint of a Scottish brogue, startled her. She turned to see Alistair, the ship's gruff but kind-hearted engineer, leaning against the railing beside her. His hands, calloused and stained with oil, held a steaming mug of tea.\n\n\"Just...thinking,\" Elara mumbled, accepting the mug. The warmth seeped into her cold fingers.\n\n\"Thinking about the whales, I reckon? They're heading south, chasing the sun. Smart creatures.\"\n\nElara managed a weak smile. \"Something like that.\"\n\nAlistair didn't press. He understood the language of silence, the unspoken burdens carried by those who spent their lives at sea. He'd seen enough heartbreak and loss to fill the ocean itself.\n\nOver the next few weeks, a quiet companionship blossomed between Elara and Alistair. They shared meals in the cramped mess hall, discussed the intricacies of the ship's engine, and watched the mesmerizing dance of the aurora borealis together on the frozen deck. Alistair, with his quiet strength and unwavering loyalty to the Albatross, offered Elara a sense of stability she hadn't realized she craved. He listened patiently to her stories about the whales, her passion igniting his own fascination with the creatures.\n\nOne evening, huddled in the ship's library, surrounded by charts and maps, Alistair asked, \"Why whales, Elara? What draws you to them so deeply?\"\n\nElara hesitated, then confessed, \"They sing, Alistair. They sing songs that travel across vast distances, songs of connection, of survival, of love. I think...I think I'm searching for that kind of connection, that kind of song.\"\n\nAlistair looked at her, his blue eyes filled with an emotion she couldn't quite decipher. He reached out, his rough hand gently brushing against hers. \"Maybe,\" he said softly, \"maybe you don't have to search so far.\"\n\nThe weeks turned into months. The Albatross followed the whales south, and Elara found herself drawn to Alistair in a way she hadn't expected. He wasn't Ben, with his polished charm and predictable plans. Alistair was raw, authentic, and deeply connected to the rhythm of the sea. He saw her, not as a project to be molded, but as a force of nature, wild and untamed.\n\nBut the ghost of Ben still lingered. Elara couldn't shake the feeling that she was betraying something, some ideal of what love should be. She wrestled with the guilt of moving on, the fear of repeating past mistakes.\n\nOne day, a fierce storm descended upon the Albatross. Waves crashed over the deck, threatening to engulf the ship. Elara found herself trapped in the engine room, the roar of the storm drowning out her cries for help. Just when she thought all hope was lost, Alistair appeared, his face etched with worry. He fought his way through the raging water, pulling her to safety.\n\nLater, wrapped in blankets, sipping hot tea, Elara looked at Alistair, his face bruised and his clothes soaked. \"You risked your life for me,\" she whispered.\n\nHe simply shrugged. \"You're worth it, Elara.\"\n\nIn that moment, Elara understood. Love wasn't about picket fences and predictable futures. It was about unwavering loyalty, about finding someone who saw your soul and was willing to fight for it, even in the face of a storm.\n\nThe journey back to port was filled with a quiet anticipation. Elara knew that their life together wouldn't be easy. She was still drawn to the ocean, to the whales, to the life she had built for herself. Alistair was tied to the Albatross, to the sea, to his own sense of duty. But they had found a connection, a song that resonated deep within their souls.\n\nAs the Albatross finally docked, Elara stood on the deck, watching the familiar skyline of the city. Alistair stood beside her, his hand resting gently on her back.\n\n\"What now?\" she asked, her voice barely a whisper.\n\nAlistair turned her to face him, his eyes filled with a love that was as vast and deep as the ocean itself. \"Now,\" he said, \"we build our own song. One that echoes across the waves, one that defies the storm, one that lasts a lifetime.\"\n\nElara smiled, a genuine, radiant smile that reached her eyes. She had lost one love, but she had found another, a love that was stronger, more authentic, and more deeply connected to the rhythm of her own soul. And as she stepped off the Albatross, hand in hand with Alistair, she knew that her journey had just begun. The song of the whales was still calling to her, but now, she had someone to sing it with."
        },
        {
            "timestamp": "2025-03-12T19:06:50.720252",
            "theme": "ajay and divya",
            "genre": "Romance",
            "generated_text": "The monsoon was Ajay\u2019s least favorite season. The constant drizzle mirrored the persistent ache in his heart since his father\u2019s passing. He found solace only in the quiet corners of the old library, surrounded by the scent of aged paper and forgotten stories. That\u2019s where he first saw Divya.\n\nShe was perched on the rolling ladder, her dark hair cascading down her back like a silken waterfall, a book clutched in her hand. He noticed the way she traced the words with her finger, a small smile playing on her lips. He was captivated.\n\nHe\u2019d seen her around town, a fleeting glimpse here and there. He knew she worked at the flower shop, \"Petals & Promises,\" a name that felt almost too perfect for her. He'd always been too shy to approach her.\n\nHe cleared his throat, the sound echoing in the otherwise silent library. Divya startled, almost losing her balance. He rushed forward, his hand instinctively reaching out to steady the ladder. Their fingers brushed, a spark igniting between them that felt more potent than any lightning strike.\n\n\"I... I'm sorry,\" he stammered, pulling back his hand.\n\nDivya smiled, a warm, genuine smile that reached her eyes. \"No worries. I get a little carried away sometimes.\" She descended the ladder, her gaze meeting his. \"I'm Divya.\"\n\n\"Ajay,\" he replied, his voice barely above a whisper.\n\nThat was the beginning. They started talking, about books, about life, about the rain that poured relentlessly outside. He discovered that Divya loved poetry, especially the melancholic verses of Rumi. He learned that she dreamed of opening her own pottery studio, her hands yearning to shape clay into something beautiful. He, in turn, shared his grief, the weight that had been pressing down on him, and the comfort he found in the library's quiet embrace.\n\nThe library became their sanctuary. They'd meet amidst the towering shelves, sharing stories and secrets. He'd bring her jasmine flowers from his garden, their fragrance filling the air around them, a silent promise of something more. She'd bring him homemade chai, its warmth chasing away the chill of the monsoon and the lingering coldness in his heart.\n\nOne evening, as the rain hammered against the library windows, Divya read aloud from a worn copy of Rumi. Her voice was soft, melodic, filling the room with an ethereal beauty.\n\n\u201cThe wound is the place where the Light enters you,\u201d she recited, her eyes meeting his.\n\nHe felt a lump in his throat. He knew she understood. She saw the pain he carried, and instead of turning away, she offered him light. He reached out and gently took her hand. Her skin was warm, soft, a stark contrast to the coldness that had been gripping him for so long.\n\n\"Thank you,\" he whispered, his voice thick with emotion.\n\nShe squeezed his hand, her eyes filled with understanding. \"You don't have to thank me, Ajay. We all carry wounds. It's how we heal that matters.\"\n\nHe realized then that he was falling in love with her. Not just with her beauty, but with her kindness, her empathy, her ability to see the good in him even when he couldn't see it himself.\n\nHe started helping her at the flower shop. He learned the names of all the flowers, the language they spoke, the emotions they conveyed. He found a sense of peace arranging bouquets, each petal a tiny brushstroke of beauty in a world that often felt harsh and unforgiving.\n\nOne day, he found her struggling to carry a large pot of soil. He rushed to help, their hands meeting as they lifted the heavy pot together. As they stood there, breathless and laughing, he knew he couldn't wait any longer.\n\nHe looked into her eyes, the vibrant green flecks dancing within the dark depths. \"Divya,\" he said, his voice trembling slightly, \"I... I love you.\"\n\nHer eyes widened, and a slow smile spread across her face. \"I love you too, Ajay,\" she whispered, her voice barely audible above the sound of the wind chimes.\n\nHe leaned in and kissed her. It was a slow, tender kiss, filled with the unspoken emotions that had been building between them for weeks. It was a kiss that tasted of rain and jasmine and the promise of a future filled with love and laughter.\n\nThe monsoon eventually ended, giving way to a vibrant autumn. The leaves changed color, mirroring the transformation that had taken place in Ajay's heart. He was no longer defined by his grief, but by the love he shared with Divya.\n\nThey continued to find solace in the library, but now, they read together, their voices intertwining like the vines that climbed the walls outside. They still visited \"Petals & Promises,\" but now, Ajay helped Divya create even more beautiful bouquets, each one a testament to their love.\n\nOne evening, as they sat on the porch of her small cottage, watching the stars twinkle in the clear night sky, Ajay took Divya's hand in his.\n\n\"Will you marry me, Divya?\" he asked, his heart pounding in his chest.\n\nDivya smiled, tears welling up in her eyes. \"Yes, Ajay,\" she whispered, \"yes, I will.\"\n\nTheir love story, born in the quiet corners of a dusty library, amidst the melancholic beauty of the monsoon, was just beginning. It was a love story built on shared grief, quiet understanding, and the unwavering belief that even in the darkest of storms, love could bloom. Their love was a promise, whispered on the wind, as fragrant and enduring as the jasmine flowers in Ajay's garden. It was a love that had healed their wounds and filled their lives with a light that would never fade."
        },
        {
            "timestamp": "2025-03-12T19:14:19.247037",
            "theme": "First Day of Futuristic School",
            "genre": "Story",
            "generated_text": "The shimmering portal flickered, spitting Elara out onto the polished chrome floor of Neo-Academy. Her stomach lurched, a familiar side effect of Quantum Transit, and she stumbled, her new uniform \u2013 a self-adjusting, bioluminescent jumpsuit \u2013 momentarily blinding her with its vibrant blue glow.\n\nElara clutched the strap of her data-sling, its contents: a personalized learning AI named Kai, a neural interface stylus, and a half-eaten nutrient bar (emergency rations, her mother insisted). This was it. First day at Neo-Academy, the most prestigious, most demanding, and frankly, most terrifying school in the Sol System.\n\nThe air hummed with the low thrum of energy conduits and the hushed whispers of hundreds of students navigating the labyrinthine corridors. Holographic advertisements for advanced prosthetics and zero-gravity sports flickered across the walls. Elara felt a pang of inadequacy. Everyone seemed so confident, so\u2026enhanced.\n\nShe navigated the throng, guided by Kai\u2019s soothing voice in her ear. \u201cTurn left at the shimmering aqueduct, Elara. Your Intro to Quantum Mechanics class is in Sector Gamma-7.\u201d\n\nThe aqueduct was a marvel, a miniature ecosystem teeming with bioluminescent fish and genetically modified flora. It was beautiful, but Elara couldn\u2019t shake the feeling that she was an imposter. She\u2019d gotten into Neo-Academy on a scholarship, her family\u2019s meager earnings a stark contrast to the wealth that oozed from the other students.\n\nSector Gamma-7 was a vast, domed chamber filled with levitating desks and interactive holographic displays. Elara found an empty seat and nervously activated her neural interface. A wave of information flooded her mind: the syllabus, the teacher\u2019s bio (Dr. Anya Sharma, a renowned physicist who\u2019d discovered a new dimension), and the names of her classmates.\n\nOne name stood out: Theron Vance. He was a Vance, as in, the Vance family, the wealthiest and most influential family in the Sol System. His profile picture showed a handsome, arrogant face, his eyes sharp and intelligent. Elara felt a shiver run down her spine.\n\nDr. Sharma materialized in the center of the room, her form shimmering with energy. \"Welcome, students, to Quantum Mechanics. Today, we will delve into the mysteries of entangled particles and explore the possibilities of manipulating spacetime itself.\"\n\nThe lecture was fascinating, but Elara struggled to keep up. The concepts were abstract and complex, and she felt a growing sense of panic. Theron Vance, sitting across the room, answered every question with ease, his voice laced with condescension.\n\nDuring a break, Kai whispered, \u201cElara, I\u2019ve detected a high level of stress. Would you like me to initiate a calming sequence?\u201d\n\n\u201cNo, I\u2019m fine,\u201d she muttered, but she knew she wasn\u2019t. She was failing.\n\nSuddenly, a holographic projection appeared in front of her. It was Theron Vance.\n\n\"You're Elara, right? The scholarship kid?\" he said, his voice dripping with disdain.\n\nElara\u2019s face burned. \"What do you want?\"\n\n\"Just observing the competition. Don't get your hopes up. You don't belong here.\" He deactivated the projection, leaving Elara seething.\n\nShe spent the rest of the day in a haze of anger and self-doubt. Every mistake she made, every question she couldn't answer, felt like confirmation of Theron's words.\n\nThat evening, as she was navigating the sprawling campus, she stumbled upon a hidden garden. It was a haven of tranquility, filled with real, organic plants and the gentle murmur of a waterfall. She sat down on a moss-covered bench, tears welling up in her eyes.\n\n\"Rough day?\" a voice said.\n\nElara looked up to see a girl sitting beside her. She had vibrant purple hair and wore a modified uniform, adorned with intricate circuits and glowing wires.\n\n\"You could say that,\" Elara said, wiping her eyes.\n\n\"First days are always tough. Especially here,\" the girl said. \"I'm Anya.\"\n\n\"Elara.\"\n\n\"Don't let the Vances get to you,\" Anya said, her eyes flashing with defiance. \"They think they own this place, but they don't. This school needs people like you, people who earned their place.\"\n\nAnya explained that she was part of a group of students who were pushing for more equitable access to education and resources at Neo-Academy. They were fighting against the entrenched elitism and the advantages that students like Theron Vance enjoyed.\n\nElara felt a spark of hope ignite within her. Maybe she wasn't alone. Maybe she could find her place here, not by trying to be someone she wasn't, but by embracing her own unique perspective and fighting for what she believed in.\n\nThe next day, Elara walked into Quantum Mechanics with a newfound determination. She still struggled with the concepts, but she wasn't afraid to ask questions, even if they seemed stupid. She even challenged Theron Vance's answers, pointing out subtle nuances that he had overlooked.\n\nTheron looked surprised, then annoyed. He wasn't used to being challenged.\n\nElara knew she had a long way to go, but she also knew that she wasn't going to back down. She was Elara, the scholarship kid, and she was here to stay. She had a lot to learn, but she also had something to offer. And with the help of her friends, and a little bit of rebellion, she was going to make her mark on Neo-Academy, and maybe even the Sol System. The first day had been terrifying, but the future, she realized, was full of possibilities. And she was ready to explore them."
        },
        {
            "timestamp": "2025-03-12T19:14:56.615770",
            "theme": "First Day of Futuristic School in telugu",
            "genre": "Story",
            "generated_text": "## \u0c2e\u0c4a\u0c26\u0c1f\u0c3f \u0c30\u0c4b\u0c1c\u0c41: \u0c2d\u0c35\u0c3f\u0c37\u0c4d\u0c2f\u0c24\u0c4d\u0c24\u0c41 \u0c2a\u0c3e\u0c20\u0c36\u0c3e\u0c32\n\n\u0c35\u0c47\u0c15\u0c41\u0c35\u0c1c\u0c3e\u0c2e\u0c41\u0c28 \u0c10\u0c26\u0c41 \u0c17\u0c02\u0c1f\u0c32\u0c15\u0c47 \u0c05\u0c32\u0c3e\u0c30\u0c02 \u0c2e\u0c4b\u0c17\u0c3f\u0c02\u0c26\u0c3f. \u0c10\u0c24\u0c47 \u0c05\u0c26\u0c3f \u0c2e\u0c3e\u0c2e\u0c42\u0c32\u0c41 \u0c05\u0c32\u0c3e\u0c30\u0c02 \u0c15\u0c3e\u0c26\u0c41. \u0c28\u0c3e \u0c2e\u0c02\u0c1a\u0c02 \u0c2e\u0c40\u0c26 \u0c09\u0c28\u0c4d\u0c28 \u0c39\u0c4b\u0c32\u0c4b\u0c17\u0c4d\u0c30\u0c3e\u0c2b\u0c3f\u0c15\u0c4d \u0c2a\u0c4d\u0c30\u0c4a\u0c1c\u0c46\u0c15\u0c4d\u0c1f\u0c30\u0c4d \u0c2e\u0c40\u0c26 \u0c38\u0c42\u0c30\u0c4d\u0c2f\u0c4b\u0c26\u0c2f\u0c02 \u0c2f\u0c4a\u0c15\u0c4d\u0c15 \u0c24\u0c4d\u0c30\u0c40-\u0c21\u0c48\u0c2e\u0c46\u0c28\u0c4d\u0c37\u0c28\u0c32\u0c4d \u0c1a\u0c3f\u0c24\u0c4d\u0c30\u0c02 \u0c2e\u0c46\u0c32\u0c4d\u0c32\u0c17\u0c3e \u0c35\u0c3f\u0c38\u0c4d\u0c24\u0c30\u0c3f\u0c38\u0c4d\u0c24\u0c42, \u0c2a\u0c15\u0c4d\u0c37\u0c41\u0c32 \u0c15\u0c3f\u0c32\u0c15\u0c3f\u0c32\u0c30\u0c3e\u0c35\u0c3e\u0c32\u0c41 \u0c28\u0c3e \u0c1a\u0c46\u0c35\u0c41\u0c32\u0c4d\u0c32\u0c4b \u0c35\u0c3f\u0c28\u0c3f\u0c2a\u0c3f\u0c02\u0c1a\u0c3e\u0c2f\u0c3f. \u0c28\u0c3f\u0c26\u0c4d\u0c30 \u0c2e\u0c24\u0c4d\u0c24\u0c41 \u0c35\u0c26\u0c41\u0c32\u0c41\u0c24\u0c42, \u0c28\u0c47\u0c28\u0c41 \u0c15\u0c33\u0c4d\u0c33\u0c41 \u0c24\u0c46\u0c30\u0c3f\u0c1a\u0c3e\u0c28\u0c41. \u0c08\u0c30\u0c4b\u0c1c\u0c41 \u0c28\u0c3e \u0c1c\u0c40\u0c35\u0c3f\u0c24\u0c02\u0c32\u0c4b \u0c12\u0c15 \u0c2a\u0c4d\u0c30\u0c24\u0c4d\u0c2f\u0c47\u0c15\u0c2e\u0c48\u0c28 \u0c30\u0c4b\u0c1c\u0c41. \u0c28\u0c47\u0c28\u0c41 \u2018\u0c28\u0c35\u0c2d\u0c3e\u0c30\u0c24\u0c3f \u0c35\u0c3f\u0c26\u0c4d\u0c2f\u0c3e\u0c15\u0c47\u0c02\u0c26\u0c4d\u0c30\u0c02\u2019 \u0c32\u0c4b \u0c1a\u0c47\u0c30\u0c2c\u0c4b\u0c24\u0c41\u0c28\u0c4d\u0c28\u0c3e\u0c28\u0c41. \u0c07\u0c26\u0c3f \u0c2e\u0c28 \u0c26\u0c47\u0c36\u0c02\u0c32\u0c4b\u0c28\u0c47 \u0c05\u0c24\u0c4d\u0c2f\u0c3e\u0c27\u0c41\u0c28\u0c3f\u0c15 \u0c38\u0c3e\u0c02\u0c15\u0c47\u0c24\u0c3f\u0c15 \u0c2a\u0c30\u0c3f\u0c1c\u0c4d\u0c1e\u0c3e\u0c28\u0c02\u0c24\u0c4b \u0c28\u0c3f\u0c30\u0c4d\u0c2e\u0c3f\u0c02\u0c1a\u0c3f\u0c28 \u0c2e\u0c4a\u0c26\u0c1f\u0c3f \u0c2a\u0c3e\u0c20\u0c36\u0c3e\u0c32.\n\n\u0c28\u0c47\u0c28\u0c41 \u0c05\u0c15\u0c4d\u0c37\u0c2f\u0c4d. \u0c28\u0c3e\u0c15\u0c41 12 \u0c38\u0c02\u0c35\u0c24\u0c4d\u0c38\u0c30\u0c3e\u0c32\u0c41. \u0c28\u0c3e\u0c28\u0c4d\u0c28\u0c17\u0c3e\u0c30\u0c41 \u0c12\u0c15 \u0c30\u0c4b\u0c2c\u0c4b\u0c1f\u0c3f\u0c15\u0c4d\u0c38\u0c4d \u0c07\u0c02\u0c1c\u0c28\u0c40\u0c30\u0c4d, \u0c05\u0c2e\u0c4d\u0c2e\u0c17\u0c3e\u0c30\u0c41 \u0c12\u0c15 \u0c1c\u0c40\u0c35\u0c36\u0c3e\u0c38\u0c4d\u0c24\u0c4d\u0c30\u0c35\u0c47\u0c24\u0c4d\u0c24. \u0c35\u0c3e\u0c33\u0c4d\u0c33\u0c3f\u0c26\u0c4d\u0c26\u0c30\u0c42 \u0c28\u0c28\u0c4d\u0c28\u0c41 \u0c08 \u0c2a\u0c3e\u0c20\u0c36\u0c3e\u0c32\u0c32\u0c4b \u0c1a\u0c47\u0c30\u0c4d\u0c2a\u0c3f\u0c02\u0c1a\u0c21\u0c3e\u0c28\u0c3f\u0c15\u0c3f \u0c0e\u0c02\u0c24\u0c4b \u0c15\u0c37\u0c4d\u0c1f\u0c2a\u0c21\u0c4d\u0c21\u0c3e\u0c30\u0c41. \u0c2a\u0c4d\u0c30\u0c35\u0c47\u0c36 \u0c2a\u0c30\u0c40\u0c15\u0c4d\u0c37\u0c32\u0c41 \u0c1a\u0c3e\u0c32\u0c3e \u0c15\u0c20\u0c3f\u0c28\u0c02\u0c17\u0c3e \u0c09\u0c02\u0c1f\u0c3e\u0c2f\u0c3f \u0c05\u0c28\u0c3f \u0c05\u0c02\u0c26\u0c30\u0c42 \u0c1a\u0c46\u0c2a\u0c4d\u0c2a\u0c3e\u0c30\u0c41. \u0c15\u0c3e\u0c28\u0c40 \u0c28\u0c47\u0c28\u0c41 \u0c15\u0c43\u0c37\u0c3f\u0c24\u0c4b \u0c1a\u0c26\u0c3f\u0c35\u0c3f \u0c35\u0c3e\u0c1f\u0c3f\u0c28\u0c3f \u0c05\u0c27\u0c3f\u0c17\u0c2e\u0c3f\u0c02\u0c1a\u0c3e\u0c28\u0c41.\n\n\u0c28\u0c47\u0c28\u0c41 \u0c38\u0c4d\u0c28\u0c3e\u0c28\u0c02 \u0c1a\u0c47\u0c38\u0c3f, \u0c2f\u0c42\u0c28\u0c3f\u0c2b\u0c3e\u0c2e\u0c4d \u0c35\u0c47\u0c38\u0c41\u0c15\u0c41\u0c28\u0c4d\u0c28\u0c3e\u0c28\u0c41. \u0c05\u0c26\u0c3f \u0c2e\u0c3e\u0c2e\u0c42\u0c32\u0c41 \u0c2f\u0c42\u0c28\u0c3f\u0c2b\u0c3e\u0c2e\u0c4d \u0c15\u0c3e\u0c26\u0c41. \u0c05\u0c26\u0c3f \u0c12\u0c15 \u0c38\u0c4d\u0c2e\u0c3e\u0c30\u0c4d\u0c1f\u0c4d \u0c38\u0c42\u0c1f\u0c4d. \u0c05\u0c26\u0c3f \u0c28\u0c3e \u0c36\u0c30\u0c40\u0c30 \u0c09\u0c37\u0c4d\u0c23\u0c4b\u0c17\u0c4d\u0c30\u0c24\u0c28\u0c41 \u0c28\u0c3f\u0c2f\u0c02\u0c24\u0c4d\u0c30\u0c3f\u0c38\u0c4d\u0c24\u0c41\u0c02\u0c26\u0c3f, \u0c28\u0c3e \u0c06\u0c30\u0c4b\u0c17\u0c4d\u0c2f\u0c3e\u0c28\u0c3f\u0c15\u0c3f \u0c38\u0c02\u0c2c\u0c02\u0c27\u0c3f\u0c02\u0c1a\u0c3f\u0c28 \u0c38\u0c2e\u0c3e\u0c1a\u0c3e\u0c30\u0c3e\u0c28\u0c4d\u0c28\u0c3f \u0c38\u0c47\u0c15\u0c30\u0c3f\u0c38\u0c4d\u0c24\u0c41\u0c02\u0c26\u0c3f, \u0c05\u0c02\u0c24\u0c47\u0c15\u0c3e\u0c26\u0c41, \u0c05\u0c35\u0c38\u0c30\u0c2e\u0c48\u0c24\u0c47 \u0c30\u0c15\u0c4d\u0c37\u0c23 \u0c15\u0c35\u0c1a\u0c02\u0c17\u0c3e \u0c15\u0c42\u0c21\u0c3e \u0c2a\u0c28\u0c3f\u0c1a\u0c47\u0c38\u0c4d\u0c24\u0c41\u0c02\u0c26\u0c3f.\n\n\u0c2c\u0c4d\u0c30\u0c47\u0c15\u0c4d\u200c\u0c2b\u0c3e\u0c38\u0c4d\u0c1f\u0c4d \u0c1f\u0c47\u0c2c\u0c41\u0c32\u0c4d \u0c26\u0c17\u0c4d\u0c17\u0c30 \u0c05\u0c2e\u0c4d\u0c2e, \u0c28\u0c3e\u0c28\u0c4d\u0c28 \u0c28\u0c3e\u0c15\u0c4b\u0c38\u0c02 \u0c0e\u0c26\u0c41\u0c30\u0c41 \u0c1a\u0c42\u0c38\u0c4d\u0c24\u0c41\u0c28\u0c4d\u0c28\u0c3e\u0c30\u0c41. \u0c1f\u0c47\u0c2c\u0c41\u0c32\u0c4d \u0c2e\u0c40\u0c26 \u0c30\u0c15\u0c30\u0c15\u0c3e\u0c32 \u0c06\u0c39\u0c3e\u0c30 \u0c2a\u0c26\u0c3e\u0c30\u0c4d\u0c25\u0c3e\u0c32\u0c41 \u0c39\u0c4b\u0c32\u0c4b\u0c17\u0c4d\u0c30\u0c3e\u0c2e\u0c4d\u200c\u0c32 \u0c30\u0c42\u0c2a\u0c02\u0c32\u0c4b \u0c15\u0c28\u0c3f\u0c2a\u0c3f\u0c38\u0c4d\u0c24\u0c41\u0c28\u0c4d\u0c28\u0c3e\u0c2f\u0c3f. \u0c28\u0c47\u0c28\u0c41 \u0c28\u0c3e\u0c15\u0c41 \u0c28\u0c1a\u0c4d\u0c1a\u0c3f\u0c28 \u0c07\u0c21\u0c4d\u0c32\u0c40, \u0c38\u0c3e\u0c02\u0c2c\u0c3e\u0c30\u0c4d \u0c0e\u0c02\u0c1a\u0c41\u0c15\u0c41\u0c28\u0c4d\u0c28\u0c3e\u0c28\u0c41. \u0c05\u0c35\u0c3f \u0c35\u0c46\u0c02\u0c1f\u0c28\u0c47 \u0c30\u0c3f\u0c2f\u0c32\u0c4d \u0c30\u0c42\u0c2a\u0c02\u0c32\u0c4b\u0c15\u0c3f \u0c2e\u0c3e\u0c30\u0c3f\u0c2a\u0c4b\u0c2f\u0c3e\u0c2f\u0c3f.\n\n\"\u0c05\u0c15\u0c4d\u0c37\u0c2f\u0c4d, \u0c08\u0c30\u0c4b\u0c1c\u0c41 \u0c28\u0c40\u0c15\u0c41 \u0c1a\u0c3e\u0c32\u0c3e \u0c2e\u0c41\u0c16\u0c4d\u0c2f\u0c2e\u0c48\u0c28 \u0c30\u0c4b\u0c1c\u0c41. \u0c15\u0c4a\u0c24\u0c4d\u0c24 \u0c38\u0c4d\u0c28\u0c47\u0c39\u0c3f\u0c24\u0c41\u0c32\u0c41, \u0c15\u0c4a\u0c24\u0c4d\u0c24 \u0c35\u0c3f\u0c37\u0c2f\u0c3e\u0c32\u0c41... \u0c1c\u0c3e\u0c17\u0c4d\u0c30\u0c24\u0c4d\u0c24\u0c17\u0c3e \u0c09\u0c02\u0c21\u0c41,\" \u0c05\u0c2e\u0c4d\u0c2e\u0c17\u0c3e\u0c30\u0c41 \u0c28\u0c35\u0c4d\u0c35\u0c41\u0c24\u0c42 \u0c05\u0c28\u0c4d\u0c28\u0c3e\u0c30\u0c41.\n\n\"\u0c2d\u0c2f\u0c2a\u0c21\u0c15\u0c41 \u0c05\u0c2e\u0c4d\u0c2e\u0c3e. \u0c28\u0c47\u0c28\u0c41 \u0c2c\u0c3e\u0c17\u0c3e \u0c1a\u0c26\u0c41\u0c35\u0c41\u0c15\u0c4a\u0c28\u0c3f \u0c2e\u0c40 \u0c2a\u0c47\u0c30\u0c41 \u0c28\u0c3f\u0c32\u0c2c\u0c46\u0c21\u0c24\u0c3e\u0c28\u0c41,\" \u0c28\u0c47\u0c28\u0c41 \u0c27\u0c48\u0c30\u0c4d\u0c2f\u0c02\u0c17\u0c3e \u0c1a\u0c46\u0c2a\u0c4d\u0c2a\u0c3e\u0c28\u0c41.\n\n\u0c28\u0c3e\u0c28\u0c4d\u0c28\u0c17\u0c3e\u0c30\u0c41 \u0c28\u0c28\u0c4d\u0c28\u0c41 \u0c2a\u0c3e\u0c20\u0c36\u0c3e\u0c32 \u0c26\u0c17\u0c4d\u0c17\u0c30 \u0c26\u0c3f\u0c02\u0c2a\u0c21\u0c3e\u0c28\u0c3f\u0c15\u0c3f \u0c35\u0c1a\u0c4d\u0c1a\u0c3e\u0c30\u0c41. \u0c2a\u0c3e\u0c20\u0c36\u0c3e\u0c32 \u0c2d\u0c35\u0c28\u0c02 \u0c12\u0c15 \u0c2a\u0c46\u0c26\u0c4d\u0c26 \u0c17\u0c3e\u0c1c\u0c41 \u0c17\u0c4b\u0c33\u0c02\u0c32\u0c3e \u0c09\u0c02\u0c26\u0c3f. \u0c32\u0c4b\u0c2a\u0c32 \u0c0e\u0c28\u0c4d\u0c28\u0c4b \u0c05\u0c02\u0c24\u0c38\u0c4d\u0c24\u0c41\u0c32\u0c41, \u0c2a\u0c4d\u0c30\u0c24\u0c3f \u0c05\u0c02\u0c24\u0c38\u0c4d\u0c24\u0c41\u0c32\u0c4b\u0c28\u0c42 \u0c05\u0c24\u0c4d\u0c2f\u0c3e\u0c27\u0c41\u0c28\u0c3f\u0c15 \u0c38\u0c3e\u0c02\u0c15\u0c47\u0c24\u0c3f\u0c15 \u0c2a\u0c30\u0c3f\u0c15\u0c30\u0c3e\u0c32\u0c41 \u0c09\u0c28\u0c4d\u0c28\u0c3e\u0c2f\u0c3f.\n\n\u0c17\u0c47\u0c1f\u0c41 \u0c26\u0c17\u0c4d\u0c17\u0c30 \u0c12\u0c15 \u0c30\u0c4b\u0c2c\u0c4b\u0c1f\u0c4d \u0c38\u0c46\u0c15\u0c4d\u0c2f\u0c42\u0c30\u0c3f\u0c1f\u0c40 \u0c17\u0c3e\u0c30\u0c4d\u0c21\u0c41 \u0c2e\u0c2e\u0c4d\u0c2e\u0c32\u0c4d\u0c28\u0c3f \u0c06\u0c2a\u0c3f\u0c02\u0c26\u0c3f. \u0c05\u0c26\u0c3f \u0c28\u0c3e \u0c10\u0c30\u0c3f\u0c38\u0c4d \u0c38\u0c4d\u0c15\u0c3e\u0c28\u0c4d \u0c1a\u0c47\u0c38\u0c3f, \u0c28\u0c28\u0c4d\u0c28\u0c41 \u0c32\u0c4b\u0c2a\u0c32\u0c3f\u0c15\u0c3f \u0c05\u0c28\u0c41\u0c2e\u0c24\u0c3f\u0c02\u0c1a\u0c3f\u0c02\u0c26\u0c3f.\n\n\u0c32\u0c4b\u0c2a\u0c32\u0c3f\u0c15\u0c3f \u0c35\u0c46\u0c33\u0c4d\u0c33\u0c17\u0c3e\u0c28\u0c47 \u0c28\u0c47\u0c28\u0c41 \u0c06\u0c36\u0c4d\u0c1a\u0c30\u0c4d\u0c2f\u0c2a\u0c4b\u0c2f\u0c3e\u0c28\u0c41. \u0c05\u0c15\u0c4d\u0c15\u0c21 \u0c0e\u0c02\u0c24\u0c4b\u0c2e\u0c02\u0c26\u0c3f \u0c35\u0c3f\u0c26\u0c4d\u0c2f\u0c3e\u0c30\u0c4d\u0c25\u0c41\u0c32\u0c41 \u0c09\u0c28\u0c4d\u0c28\u0c3e\u0c30\u0c41. \u0c05\u0c02\u0c26\u0c30\u0c42 \u0c24\u0c2e\u0c24\u0c2e \u0c1f\u0c3e\u0c2c\u0c4d\u0c32\u0c46\u0c1f\u0c4d\u200c\u0c32\u0c32\u0c4b \u0c2e\u0c41\u0c28\u0c3f\u0c17\u0c3f\u0c2a\u0c4b\u0c2f\u0c3e\u0c30\u0c41. \u0c15\u0c4a\u0c02\u0c26\u0c30\u0c41 \u0c39\u0c4b\u0c32\u0c4b\u0c17\u0c4d\u0c30\u0c3e\u0c2b\u0c3f\u0c15\u0c4d \u0c17\u0c47\u0c2e\u0c4d\u0c38\u0c4d \u0c06\u0c21\u0c41\u0c24\u0c41\u0c28\u0c4d\u0c28\u0c3e\u0c30\u0c41.\n\n\u0c28\u0c3e \u0c15\u0c4d\u0c32\u0c3e\u0c38\u0c4d \u0c30\u0c42\u0c2e\u0c4d \u0c28\u0c02\u0c2c\u0c30\u0c4d 204. \u0c28\u0c47\u0c28\u0c41 \u0c05\u0c15\u0c4d\u0c15\u0c21\u0c3f\u0c15\u0c3f \u0c35\u0c46\u0c33\u0c4d\u0c33\u0c3e\u0c28\u0c41. \u0c15\u0c4d\u0c32\u0c3e\u0c38\u0c4d \u0c30\u0c42\u0c2e\u0c4d \u0c12\u0c15 \u0c2a\u0c46\u0c26\u0c4d\u0c26 \u0c17\u0c41\u0c02\u0c21\u0c4d\u0c30\u0c1f\u0c3f \u0c17\u0c26\u0c3f\u0c32\u0c3e \u0c09\u0c02\u0c26\u0c3f. \u0c17\u0c4b\u0c21\u0c32\u0c28\u0c4d\u0c28\u0c40 \u0c1f\u0c1a\u0c4d \u0c38\u0c4d\u0c15\u0c4d\u0c30\u0c40\u0c28\u0c4d\u0c32\u0c41\u0c17\u0c3e \u0c2a\u0c28\u0c3f\u0c1a\u0c47\u0c38\u0c4d\u0c24\u0c3e\u0c2f\u0c3f. \u0c2e\u0c27\u0c4d\u0c2f\u0c32\u0c4b \u0c12\u0c15 \u0c2a\u0c46\u0c26\u0c4d\u0c26 \u0c39\u0c4b\u0c32\u0c4b\u0c17\u0c4d\u0c30\u0c3e\u0c2b\u0c3f\u0c15\u0c4d \u0c2a\u0c4d\u0c30\u0c4a\u0c1c\u0c46\u0c15\u0c4d\u0c1f\u0c30\u0c4d \u0c09\u0c02\u0c26\u0c3f.\n\n\u0c28\u0c3e\u0c15\u0c41 \u0c12\u0c15 \u0c38\u0c40\u0c1f\u0c41 \u0c1a\u0c42\u0c2a\u0c3f\u0c02\u0c1a\u0c3e\u0c30\u0c41. \u0c28\u0c3e \u0c2a\u0c15\u0c4d\u0c15\u0c28\u0c47 \u0c12\u0c15 \u0c05\u0c2e\u0c4d\u0c2e\u0c3e\u0c2f\u0c3f \u0c15\u0c42\u0c30\u0c4d\u0c1a\u0c41\u0c02\u0c26\u0c3f. \u0c06\u0c2e\u0c46 \u0c2a\u0c47\u0c30\u0c41 \u0c26\u0c3f\u0c35\u0c4d\u0c2f. \u0c06\u0c2e\u0c46 \u0c1a\u0c3e\u0c32\u0c3e \u0c24\u0c46\u0c32\u0c3f\u0c35\u0c48\u0c28\u0c26\u0c3f\u0c17\u0c3e \u0c15\u0c28\u0c3f\u0c2a\u0c3f\u0c02\u0c1a\u0c3f\u0c02\u0c26\u0c3f.\n\n\"\u0c39\u0c3e\u0c2f\u0c4d, \u0c28\u0c47\u0c28\u0c41 \u0c05\u0c15\u0c4d\u0c37\u0c2f\u0c4d,\" \u0c28\u0c47\u0c28\u0c41 \u0c06\u0c2e\u0c46\u0c24\u0c4b \u0c05\u0c28\u0c4d\u0c28\u0c3e\u0c28\u0c41.\n\n\"\u0c39\u0c3e\u0c2f\u0c4d, \u0c28\u0c47\u0c28\u0c41 \u0c26\u0c3f\u0c35\u0c4d\u0c2f. \u0c08 \u0c2a\u0c3e\u0c20\u0c36\u0c3e\u0c32 \u0c17\u0c41\u0c30\u0c3f\u0c02\u0c1a\u0c3f \u0c28\u0c40 \u0c05\u0c2d\u0c3f\u0c2a\u0c4d\u0c30\u0c3e\u0c2f\u0c02 \u0c0f\u0c2e\u0c3f\u0c1f\u0c3f?\" \u0c06\u0c2e\u0c46 \u0c28\u0c35\u0c4d\u0c35\u0c41\u0c24\u0c42 \u0c05\u0c21\u0c3f\u0c17\u0c3f\u0c02\u0c26\u0c3f.\n\n\"\u0c1a\u0c3e\u0c32\u0c3e \u0c2c\u0c3e\u0c17\u0c41\u0c02\u0c26\u0c3f. \u0c28\u0c47\u0c28\u0c41 \u0c07\u0c02\u0c24\u0c15\u0c41 \u0c2e\u0c41\u0c02\u0c26\u0c41 \u0c0e\u0c2a\u0c4d\u0c2a\u0c41\u0c21\u0c42 \u0c07\u0c32\u0c3e\u0c02\u0c1f\u0c3f \u0c2a\u0c3e\u0c20\u0c36\u0c3e\u0c32\u0c28\u0c41 \u0c1a\u0c42\u0c21\u0c32\u0c47\u0c26\u0c41,\" \u0c28\u0c47\u0c28\u0c41 \u0c28\u0c3f\u0c1c\u0c3e\u0c2f\u0c3f\u0c24\u0c40\u0c17\u0c3e \u0c1a\u0c46\u0c2a\u0c4d\u0c2a\u0c3e\u0c28\u0c41.\n\n\u0c05\u0c02\u0c24\u0c32\u0c4b \u0c2e\u0c3e \u0c1f\u0c40\u0c1a\u0c30\u0c4d \u0c35\u0c1a\u0c4d\u0c1a\u0c3e\u0c30\u0c41. \u0c06\u0c2e\u0c46 \u0c2a\u0c47\u0c30\u0c41 \u0c36\u0c4d\u0c30\u0c40\u0c32\u0c24. \u0c06\u0c2e\u0c46 \u0c12\u0c15 \u0c30\u0c4b\u0c2c\u0c4b\u0c1f\u0c3f\u0c15\u0c4d\u0c38\u0c4d \u0c28\u0c3f\u0c2a\u0c41\u0c23\u0c41\u0c30\u0c3e\u0c32\u0c41. \u0c06\u0c2e\u0c46 \u0c1a\u0c3e\u0c32\u0c3e \u0c38\u0c4d\u0c28\u0c47\u0c39\u0c02\u0c17\u0c3e \u0c2e\u0c3e\u0c1f\u0c4d\u0c32\u0c3e\u0c21\u0c3e\u0c30\u0c41.\n\n\"\u0c2a\u0c3f\u0c32\u0c4d\u0c32\u0c32\u0c42, \u0c08\u0c30\u0c4b\u0c1c\u0c41 \u0c2e\u0c28 \u0c2e\u0c4a\u0c26\u0c1f\u0c3f \u0c30\u0c4b\u0c1c\u0c41. \u0c2e\u0c28\u0c02 \u0c08 \u0c38\u0c02\u0c35\u0c24\u0c4d\u0c38\u0c30\u0c02 \u0c15\u0c4a\u0c24\u0c4d\u0c24 \u0c35\u0c3f\u0c37\u0c2f\u0c3e\u0c32\u0c41 \u0c28\u0c47\u0c30\u0c4d\u0c1a\u0c41\u0c15\u0c41\u0c02\u0c26\u0c3e\u0c02. \u0c2e\u0c28\u0c02 \u0c30\u0c4b\u0c2c\u0c4b\u0c1f\u0c3f\u0c15\u0c4d\u0c38\u0c4d, \u0c06\u0c30\u0c4d\u0c1f\u0c3f\u0c2b\u0c3f\u0c37\u0c3f\u0c2f\u0c32\u0c4d \u0c07\u0c02\u0c1f\u0c46\u0c32\u0c3f\u0c1c\u0c46\u0c28\u0c4d\u0c38\u0c4d, \u0c35\u0c30\u0c4d\u0c1a\u0c41\u0c35\u0c32\u0c4d \u0c30\u0c3f\u0c2f\u0c3e\u0c32\u0c3f\u0c1f\u0c40 \u0c35\u0c02\u0c1f\u0c3f \u0c35\u0c3f\u0c37\u0c2f\u0c3e\u0c32 \u0c17\u0c41\u0c30\u0c3f\u0c02\u0c1a\u0c3f \u0c24\u0c46\u0c32\u0c41\u0c38\u0c41\u0c15\u0c41\u0c02\u0c1f\u0c3e\u0c02,\" \u0c06\u0c2e\u0c46 \u0c09\u0c24\u0c4d\u0c38\u0c3e\u0c39\u0c02\u0c17\u0c3e \u0c1a\u0c46\u0c2a\u0c4d\u0c2a\u0c3e\u0c30\u0c41.\n\n\u0c2e\u0c4a\u0c26\u0c1f\u0c3f \u0c17\u0c02\u0c1f \u0c30\u0c4b\u0c2c\u0c4b\u0c1f\u0c3f\u0c15\u0c4d\u0c38\u0c4d \u0c17\u0c41\u0c30\u0c3f\u0c02\u0c1a\u0c3f \u0c1c\u0c30\u0c3f\u0c17\u0c3f\u0c02\u0c26\u0c3f. \u0c36\u0c4d\u0c30\u0c40\u0c32\u0c24 \u0c17\u0c3e\u0c30\u0c41 \u0c30\u0c4b\u0c2c\u0c4b\u0c1f\u0c4d\u0c32 \u0c1a\u0c30\u0c3f\u0c24\u0c4d\u0c30, \u0c35\u0c3e\u0c1f\u0c3f \u0c09\u0c2a\u0c2f\u0c4b\u0c17\u0c3e\u0c32\u0c41 \u0c17\u0c41\u0c30\u0c3f\u0c02\u0c1a\u0c3f \u0c35\u0c3f\u0c35\u0c30\u0c3f\u0c02\u0c1a\u0c3e\u0c30\u0c41. \u0c24\u0c30\u0c41\u0c35\u0c3e\u0c24, \u0c06\u0c2e\u0c46 \u0c2e\u0c3e\u0c15\u0c41 \u0c12\u0c15 \u0c1a\u0c3f\u0c28\u0c4d\u0c28 \u0c30\u0c4b\u0c2c\u0c4b\u0c1f\u0c4d\u200c\u0c28\u0c41 \u0c24\u0c2f\u0c3e\u0c30\u0c41 \u0c1a\u0c47\u0c2f\u0c2e\u0c28\u0c3f \u0c1a\u0c46\u0c2a\u0c4d\u0c2a\u0c3e\u0c30\u0c41.\n\n\u0c28\u0c47\u0c28\u0c41 \u0c26\u0c3f\u0c35\u0c4d\u0c2f\u0c24\u0c4b \u0c15\u0c32\u0c3f\u0c38\u0c3f \u0c12\u0c15 \u0c30\u0c4b\u0c2c\u0c4b\u0c1f\u0c4d\u200c\u0c28\u0c41 \u0c24\u0c2f\u0c3e\u0c30\u0c41 \u0c1a\u0c47\u0c36\u0c3e\u0c28\u0c41. \u0c2e\u0c47\u0c2e\u0c41 \u0c26\u0c3e\u0c28\u0c3f\u0c15\u0c3f '\u0c2c\u0c41\u0c1c\u0c4d\u0c1c\u0c3f' \u0c05\u0c28\u0c3f \u0c2a\u0c47\u0c30\u0c41 \u0c2a\u0c46\u0c1f\u0c4d\u0c1f\u0c3e\u0c2e\u0c41. \u0c2c\u0c41\u0c1c\u0c4d\u0c1c\u0c3f \u0c1a\u0c3f\u0c28\u0c4d\u0c28 \u0c1a\u0c3f\u0c28\u0c4d\u0c28 \u0c2a\u0c28\u0c41\u0c32\u0c41 \u0c1a\u0c47\u0c2f\u0c17\u0c32\u0c26\u0c41. \u0c05\u0c26\u0c3f \u0c2e\u0c28 \u0c2e\u0c3e\u0c1f \u0c35\u0c3f\u0c02\u0c1f\u0c41\u0c02\u0c26\u0c3f, \u0c2e\u0c28\u0c15\u0c41 \u0c15\u0c3e\u0c35\u0c32\u0c38\u0c3f\u0c28 \u0c35\u0c38\u0c4d\u0c24\u0c41\u0c35\u0c41\u0c32\u0c28\u0c41 \u0c24\u0c46\u0c38\u0c4d\u0c24\u0c41\u0c02\u0c26\u0c3f.\n\n\u0c32\u0c02\u0c1a\u0c4d \u0c2c\u0c4d\u0c30\u0c47\u0c15\u0c4d \u0c32\u0c4b \u0c28\u0c47\u0c28\u0c41 \u0c26\u0c3f\u0c35\u0c4d\u0c2f\u0c24\u0c4b \u0c15\u0c32\u0c3f\u0c38\u0c3f \u0c15\u0c4d\u0c2f\u0c3e\u0c02\u0c1f\u0c40\u0c28\u0c4d\u200c\u0c15\u0c3f \u0c35\u0c46\u0c33\u0c4d\u0c33\u0c3e\u0c28\u0c41. \u0c05\u0c15\u0c4d\u0c15\u0c21 \u0c30\u0c15\u0c30\u0c15\u0c3e\u0c32 \u0c06\u0c39\u0c3e\u0c30 \u0c2a\u0c26\u0c3e\u0c30\u0c4d\u0c25\u0c3e\u0c32\u0c41 \u0c09\u0c28\u0c4d\u0c28\u0c3e\u0c2f\u0c3f. \u0c28\u0c47\u0c28\u0c41 \u0c12\u0c15 \u0c30\u0c4b\u0c2c\u0c4b\u0c1f\u0c4d \u0c1a\u0c46\u0c2b\u0c4d \u0c26\u0c17\u0c4d\u0c17\u0c30 \u0c28\u0c3e\u0c15\u0c41 \u0c28\u0c1a\u0c4d\u0c1a\u0c3f\u0c28 \u0c2c\u0c3f\u0c30\u0c4d\u0c2f\u0c3e\u0c28\u0c40 \u0c06\u0c30\u0c4d\u0c21\u0c30\u0c4d \u0c1a\u0c47\u0c36\u0c3e\u0c28\u0c41.\n\n\u0c2e\u0c27\u0c4d\u0c2f\u0c3e\u0c39\u0c4d\u0c28\u0c02 \u0c35\u0c30\u0c4d\u0c1a\u0c41\u0c35\u0c32\u0c4d \u0c30\u0c3f\u0c2f\u0c3e\u0c32\u0c3f\u0c1f\u0c40 \u0c15\u0c4d\u0c32\u0c3e\u0c38\u0c4d \u0c1c\u0c30\u0c3f\u0c17\u0c3f\u0c02\u0c26\u0c3f. \u0c2e\u0c47\u0c2e\u0c41 \u0c35\u0c3f.\u0c06\u0c30\u0c4d \u0c39\u0c46\u0c21\u0c4d\u200c\u0c38\u0c46\u0c1f\u0c4d\u200c\u0c32\u0c41 \u0c2a\u0c46\u0c1f\u0c4d\u0c1f\u0c41\u0c15\u0c4a\u0c28\u0c3f, \u0c35\u0c47\u0c30\u0c4d\u0c35\u0c47\u0c30\u0c41 \u0c2a\u0c4d\u0c30\u0c2a\u0c02\u0c1a\u0c3e\u0c32\u0c4d\u0c32\u0c4b\u0c15\u0c3f \u0c35\u0c46\u0c33\u0c4d\u0c33\u0c3e\u0c2e\u0c41. \u0c28\u0c47\u0c28\u0c41 \u0c05\u0c21\u0c35\u0c41\u0c32\u0c4d\u0c32\u0c4b \u0c24\u0c3f\u0c30\u0c3f\u0c17\u0c3e\u0c28\u0c41, \u0c2a\u0c30\u0c4d\u0c35\u0c24\u0c3e\u0c32\u0c41 \u0c0e\u0c15\u0c4d\u0c15\u0c3e\u0c28\u0c41, \u0c38\u0c2e\u0c41\u0c26\u0c4d\u0c30\u0c02\u0c32\u0c4b \u0c08\u0c24 \u0c15\u0c4a\u0c1f\u0c4d\u0c1f\u0c3e\u0c28\u0c41. \u0c05\u0c26\u0c3f \u0c12\u0c15 \u0c05\u0c26\u0c4d\u0c2d\u0c41\u0c24\u0c2e\u0c48\u0c28 \u0c05\u0c28\u0c41\u0c2d\u0c35\u0c02.\n\n\u0c38\u0c3e\u0c2f\u0c02\u0c24\u0c4d\u0c30\u0c02 \u0c2a\u0c3e\u0c20\u0c36\u0c3e\u0c32 \u0c05\u0c2f\u0c3f\u0c2a\u0c4b\u0c2f\u0c3e\u0c15 \u0c28\u0c3e\u0c28\u0c4d\u0c28\u0c17\u0c3e\u0c30\u0c41 \u0c28\u0c28\u0c4d\u0c28\u0c41 \u0c07\u0c02\u0c1f\u0c3f\u0c15\u0c3f \u0c24\u0c40\u0c38\u0c41\u0c15\u0c41\u0c35\u0c46\u0c33\u0c4d\u0c33\u0c21\u0c3e\u0c28\u0c3f\u0c15\u0c3f \u0c35\u0c1a\u0c4d\u0c1a\u0c3e\u0c30\u0c41. \u0c28\u0c47\u0c28\u0c41 \u0c28\u0c3e\u0c28\u0c4d\u0c28\u0c17\u0c3e\u0c30\u0c3f\u0c24\u0c4b \u0c28\u0c3e \u0c2e\u0c4a\u0c26\u0c1f\u0c3f \u0c30\u0c4b\u0c1c\u0c41 \u0c17\u0c41\u0c30\u0c3f\u0c02\u0c1a\u0c3f \u0c1a\u0c46\u0c2a\u0c4d\u0c2a\u0c3e\u0c28\u0c41.\n\n\"\u0c28\u0c3e\u0c28\u0c4d\u0c28\u0c3e, \u0c08\u0c30\u0c4b\u0c1c\u0c41 \u0c28\u0c47\u0c28\u0c41 \u0c1a\u0c3e\u0c32\u0c3e \u0c15\u0c4a\u0c24\u0c4d\u0c24 \u0c35\u0c3f\u0c37\u0c2f\u0c3e\u0c32\u0c41 \u0c28\u0c47\u0c30\u0c4d\u0c1a\u0c41\u0c15\u0c41\u0c28\u0c4d\u0c28\u0c3e\u0c28\u0c41. \u0c28\u0c47\u0c28\u0c41 \u0c08 \u0c2a\u0c3e\u0c20\u0c36\u0c3e\u0c32\u0c32\u0c4b \u0c2c\u0c3e\u0c17\u0c3e \u0c1a\u0c26\u0c41\u0c35\u0c41\u0c15\u0c4a\u0c28\u0c3f, \u0c17\u0c4a\u0c2a\u0c4d\u0c2a \u0c36\u0c3e\u0c38\u0c4d\u0c24\u0c4d\u0c30\u0c35\u0c47\u0c24\u0c4d\u0c24\u0c28\u0c41 \u0c05\u0c35\u0c41\u0c24\u0c3e\u0c28\u0c41,\" \u0c28\u0c47\u0c28\u0c41 \u0c17\u0c30\u0c4d\u0c35\u0c02\u0c17\u0c3e \u0c1a\u0c46\u0c2a\u0c4d\u0c2a\u0c3e\u0c28\u0c41.\n\n\"\u0c05\u0c15\u0c4d\u0c37\u0c2f\u0c4d, \u0c28\u0c40\u0c15\u0c41 \u0c05\u0c28\u0c4d\u0c28\u0c40 \u0c38\u0c3e\u0c27\u0c4d\u0c2f\u0c2e\u0c47. \u0c28\u0c41\u0c35\u0c4d\u0c35\u0c41 \u0c15\u0c37\u0c4d\u0c1f\u0c2a\u0c21\u0c3f \u0c1a\u0c26\u0c3f\u0c35\u0c3f\u0c24\u0c47, \u0c28\u0c40 \u0c15\u0c32\u0c32\u0c28\u0c41 \u0c28\u0c3f\u0c1c\u0c02 \u0c1a\u0c47\u0c38\u0c41\u0c15\u0c4b\u0c35\u0c1a\u0c4d\u0c1a\u0c41,\" \u0c28\u0c3e\u0c28\u0c4d\u0c28\u0c17\u0c3e\u0c30\u0c41 \u0c28\u0c28\u0c4d\u0c28\u0c41 \u0c2a\u0c4d\u0c30\u0c4b\u0c24\u0c4d\u0c38\u0c39\u0c3f\u0c02\u0c1a\u0c3e\u0c30\u0c41.\n\n\u0c07\u0c02\u0c1f\u0c3f\u0c15\u0c3f \u0c35\u0c46\u0c33\u0c4d\u0c33\u0c17\u0c3e\u0c28\u0c47 \u0c05\u0c2e\u0c4d\u0c2e\u0c17\u0c3e\u0c30\u0c41 \u0c28\u0c28\u0c4d\u0c28\u0c41 \u0c17\u0c1f\u0c4d\u0c1f\u0c3f\u0c17\u0c3e \u0c39\u0c24\u0c4d\u0c24\u0c41\u0c15\u0c41\u0c28\u0c4d\u0c28\u0c3e\u0c30\u0c41. \u0c06\u0c2e\u0c46 \u0c28\u0c3e\u0c15\u0c4b\u0c38\u0c02 \u0c12\u0c15 \u0c2a\u0c4d\u0c30\u0c24\u0c4d\u0c2f\u0c47\u0c15\u0c2e\u0c48\u0c28 \u0c35\u0c3f\u0c02\u0c26\u0c41 \u0c24\u0c2f\u0c3e\u0c30\u0c41 \u0c1a\u0c47\u0c36\u0c3e\u0c30\u0c41.\n\n\u0c30\u0c3e\u0c24\u0c4d\u0c30\u0c3f \u0c2d\u0c4b\u0c1c\u0c28\u0c02 \u0c1a\u0c47\u0c36\u0c3e\u0c15 \u0c28\u0c47\u0c28\u0c41 \u0c28\u0c3e \u0c17\u0c26\u0c3f\u0c32\u0c4b\u0c15\u0c3f \u0c35\u0c46\u0c33\u0c4d\u0c33\u0c3e\u0c28\u0c41. \u0c28\u0c3e \u0c2e\u0c02\u0c1a\u0c02 \u0c2e\u0c40\u0c26 \u0c2c\u0c41\u0c1c\u0c4d\u0c1c\u0c3f \u0c30\u0c4b\u0c2c\u0c4b\u0c1f\u0c4d \u0c15\u0c42\u0c30\u0c4d\u0c1a\u0c41\u0c28\u0c3f \u0c09\u0c02\u0c26\u0c3f. \u0c28\u0c47\u0c28\u0c41 \u0c26\u0c3e\u0c28\u0c3f\u0c28\u0c3f \u0c1a\u0c42\u0c38\u0c3f \u0c28\u0c35\u0c4d\u0c35\u0c41\u0c15\u0c41\u0c28\u0c4d\u0c28\u0c3e\u0c28\u0c41.\n\n\u0c28\u0c47\u0c28\u0c41 \u0c28\u0c3e \u0c21\u0c48\u0c30\u0c40 \u0c24\u0c40\u0c38\u0c3f \u0c08\u0c30\u0c4b\u0c1c\u0c41 \u0c1c\u0c30\u0c3f\u0c17\u0c3f\u0c28 \u0c35\u0c3f\u0c37\u0c2f\u0c3e\u0c32\u0c28\u0c4d\u0c28\u0c40 \u0c30\u0c3e\u0c38\u0c41\u0c15\u0c41\u0c28\u0c4d\u0c28\u0c3e\u0c28\u0c41. \u0c28\u0c3e \u0c2e\u0c4a\u0c26\u0c1f\u0c3f \u0c30\u0c4b\u0c1c\u0c41 \u0c12\u0c15 \u0c05\u0c26\u0c4d\u0c2d\u0c41\u0c24\u0c2e\u0c48\u0c28 \u0c05\u0c28\u0c41\u0c2d\u0c35\u0c02. \u0c28\u0c47\u0c28\u0c41 \u0c08 \u0c2a\u0c3e\u0c20\u0c36\u0c3e\u0c32\u0c32\u0c4b \u0c0e\u0c28\u0c4d\u0c28\u0c4b \u0c35\u0c3f\u0c37\u0c2f\u0c3e\u0c32\u0c41 \u0c28\u0c47\u0c30\u0c4d\u0c1a\u0c41\u0c15\u0c4b\u0c35\u0c3e\u0c32\u0c28\u0c3f, \u0c17\u0c4a\u0c2a\u0c4d\u0c2a \u0c35\u0c4d\u0c2f\u0c15\u0c4d\u0c24\u0c3f\u0c17\u0c3e \u0c0e\u0c26\u0c17\u0c3e\u0c32\u0c28\u0c3f \u0c05\u0c28\u0c41\u0c15\u0c41\u0c02\u0c1f\u0c41\u0c28\u0c4d\u0c28\u0c3e\u0c28\u0c41.\n\n\u0c28\u0c3f\u0c26\u0c4d\u0c30\u0c2a\u0c4b\u0c2f\u0c47 \u0c2e\u0c41\u0c02\u0c26\u0c41 \u0c28\u0c47\u0c28\u0c41 \u0c12\u0c15 \u0c15\u0c32 \u0c15\u0c28\u0c4d\u0c28\u0c3e\u0c28\u0c41. \u0c06 \u0c15\u0c32\u0c32\u0c4b \u0c28\u0c47\u0c28\u0c41 \u0c12\u0c15 \u0c30\u0c4b\u0c2c\u0c4b\u0c1f\u0c4d\u200c\u0c28\u0c41 \u0c15\u0c28\u0c3f\u0c2a\u0c46\u0c1f\u0c4d\u0c1f\u0c3e\u0c28\u0c41. \u0c06 \u0c30\u0c4b\u0c2c\u0c4b\u0c1f\u0c4d \u0c2a\u0c4d\u0c30\u0c2a\u0c02\u0c1a\u0c3e\u0c28\u0c4d\u0c28\u0c3f \u0c2e\u0c3e\u0c30\u0c4d\u0c1a\u0c47\u0c38\u0c3f\u0c02\u0c26\u0c3f.\n\n\u0c2e\u0c30\u0c41\u0c38\u0c1f\u0c3f \u0c30\u0c4b\u0c1c\u0c41 \u0c28\u0c47\u0c28\u0c41 \u0c2e\u0c30\u0c3f\u0c02\u0c24 \u0c09\u0c24\u0c4d\u0c38\u0c3e\u0c39\u0c02\u0c17\u0c3e \u0c2a\u0c3e\u0c20\u0c36\u0c3e\u0c32\u0c15\u0c41 \u0c35\u0c46\u0c33\u0c4d\u0c33\u0c21\u0c3e\u0c28\u0c3f\u0c15\u0c3f \u0c38\u0c3f\u0c26\u0c4d\u0c27\u0c2e\u0c2f\u0c4d\u0c2f\u0c3e\u0c28\u0c41. \u0c2d\u0c35\u0c3f\u0c37\u0c4d\u0c2f\u0c24\u0c4d\u0c24\u0c41 \u0c28\u0c3e\u0c15\u0c4b\u0c38\u0c02 \u0c0e\u0c26\u0c41\u0c30\u0c41 \u0c1a\u0c42\u0c38\u0c4d\u0c24\u0c4b\u0c02\u0c26\u0c3f!"
        },
        {
            "timestamp": "2025-03-23T23:06:01.439598",
            "theme": "Avengers in India",
            "genre": "Story",
            "generated_text": "The monsoon lashed against the Taj Mahal, turning the marble into a shimmering, ethereal ghost. Inside, huddled amidst the throngs of bewildered tourists, stood Natasha Romanoff, her red hair hidden beneath a simple scarf, her eyes scanning the crowd with practiced precision.\n\n\"Anything, Nat?\" came Steve Rogers' voice through the comms, a slight static crackling.\n\n\"Just a lot of selfie sticks and questionable fashion choices, Cap. Nothing screams 'interdimensional portal' just yet,\" she quipped, a small smile playing on her lips.\n\nThey were in Agra, India, tracking a spike in energy readings that coincided with whispers of strange occurrences \u2013 ancient temples glowing with an unnatural light, disappearances in the Himalayan foothills, and whispers of a forgotten god stirring. The readings led them here, to the iconic monument, a place steeped in history and, potentially, danger.\n\nSuddenly, a ripple shimmered in the air near the central dome. The crowd gasped, but Natasha was already moving, drawing her Widow's Bite as a swirling vortex of emerald energy tore open reality.\n\nFrom the portal emerged not the expected alien horde, but a single figure. He was tall, clad in intricately carved bronze armor, his face hidden behind a fearsome mask depicting a snarling tiger. He held a staff topped with a glowing gem, radiating an energy that felt both ancient and incredibly potent.\n\n\"Avengers,\" he boomed, his voice echoing through the monument, \"You trespass on sacred ground. Leave now, or face the wrath of Kala Bhairava!\"\n\nBefore Natasha could respond, a blur of red and gold shot past her. Iron Man, never one for subtlety, landed in front of the armored figure, his repulsors humming.\n\n\"Kala Bhairava? Sounds like a Bollywood villain to me. Tell you what, 'Bhairava,' how about you close up shop and go back to whatever dimension you crawled out of?\"\n\nThe armored figure didn't reply, but the gem on his staff pulsed with power. He swung the staff, unleashing a wave of energy that slammed into Iron Man, sending him crashing into a nearby pillar. The marble cracked under the force.\n\n\"Tony!\" Steve shouted, throwing his shield. The shield bounced harmlessly off the Bhairava's armor. This wasn't just some cosmic thug; this was something else entirely.\n\nThe fight was on.\n\nMeanwhile, in the ancient city of Varanasi, Bruce Banner, trying to find inner peace amidst the chaotic beauty of the ghats, felt a familiar tremor deep within him. The Hulk was stirring. He knew, instinctively, that the disturbance in Agra was connected to something far bigger, something that threatened the delicate balance of the world.\n\nAs the battle raged in Agra, with Thor arriving in a flash of lightning and Wanda Maximoff struggling to contain the Bhairava's energy blasts, Bruce received a frantic call from Vision.\n\n\"Bruce, we need you. This isn't just a physical threat. This is\u2026 metaphysical. The Bhairava is drawing power from the very fabric of this land, from the ancient energies that bind India together. We need to understand what he wants, and how to stop him from within.\"\n\nBruce knew what he had to do. He boarded the first train to Agra, hoping he could control the Hulk long enough to offer a solution.\n\nThe fight was taking its toll. The Bhairava was strong, his armor impervious to most of their attacks. He moved with a speed and grace that defied his size, his attacks imbued with an ancient power that bypassed their defenses. He spoke in riddles, hinting at a prophecy, a forgotten pact, and a coming darkness.\n\n\"You protect this world,\" he roared, deflecting Thor's hammer with his staff, \"But you do not understand it. You do not see the shadows that lurk beneath the surface, the ancient evils that are about to be unleashed!\"\n\nJust when things seemed dire, a green behemoth smashed through the Taj Mahal's outer wall.\n\n\"Hulk here to smash!\"\n\nThe Hulk, fueled by the frustration and fear of the situation, threw himself at the Bhairava. The two titans clashed, their battle shaking the very foundations of the monument.\n\nBut this time, Hulk wasn't just smashing. Bruce, fighting for control, was trying to analyze the Bhairava's energy signature, trying to understand its source. He realized that the Bhairava wasn't drawing power from the earth itself, but from the faith and belief of the Indian people. He was feeding on their collective subconscious, twisting their ancient myths and legends to serve his own dark purpose.\n\n\"He's using their faith against them!\" Bruce roared, struggling to be heard over the din of the battle. \"We need to break his connection!\"\n\nVision, understanding immediately, focused his mind on the Bhairava, trying to disrupt his connection to the collective consciousness. Wanda, using her chaos magic, began to weave a counter-spell, trying to cleanse the corrupted energy.\n\nBut the Bhairava was too strong. He sensed their efforts and unleashed a devastating blast of energy that knocked them both unconscious.\n\nJust as the Bhairava was about to deliver the final blow, a figure stepped forward. It was an old woman, her face etched with wisdom and her eyes filled with a quiet strength. She was dressed in simple cotton clothes, her hands clasped in prayer.\n\n\"You seek to control the faith of my people,\" she said, her voice clear and strong, despite her age. \"But faith is not something that can be controlled. It is a force of nature, a river that flows where it will. You cannot dam it, you cannot divert it. You can only be swept away by its power.\"\n\nShe closed her eyes and began to chant, a low, rhythmic hum that resonated with the very stones of the Taj Mahal. The air crackled with energy, and the Bhairava staggered back, his armor beginning to crack.\n\n\"You cannot stop what is coming!\" he screamed. \"The darkness will consume all!\"\n\nBut the old woman continued to chant, her voice growing stronger, her faith radiating outwards, touching the hearts of everyone present. The tourists, the Avengers, even the Hulk, felt a surge of hope, a sense of connection to something larger than themselves.\n\nThe Bhairava's armor shattered, revealing a gaunt, tormented face. The gem on his staff dimmed, its power fading. He collapsed to his knees, defeated.\n\n\"I failed,\" he whispered. \"The gate is open.\"\n\nBefore anyone could react, the Bhairava dissolved into dust, leaving behind only the shattered remains of his armor and the chilling words echoing in the air.\n\nThe Avengers stood in silence, the monsoon still raging outside. They had won the battle, but they knew the war was far from over. The Bhairava's words hung heavy in the air, a promise of a coming darkness, a threat that would require them to understand the ancient mysteries of India, to connect with its people, and to fight for the very soul of the land.\n\nAs the sun began to rise, painting the Taj Mahal in hues of gold and pink, Steve Rogers looked at his team. They were battered, bruised, and weary, but their eyes were filled with determination. They had a new mission, a new purpose. They were the Avengers, and they were here to protect India, not just from external threats, but from the darkness that lurked within. The journey had just begun."
        }
    ]
}